allgemeinstrategien,
analytisch-synthetisch,
anlaesse-sprachreflexion,
anlauttabelle,
authentische-texte,
begabung,
behinderung,
bewusster-lernstand,
buchstabeneinfuehrung,
daz,
didaktisierte-texte,
druckschrift,
early-literacy,
erfahrung-lehrkraft,
erweiterung,
ethnozentriert,
fehlerdiagnostik,
fibeln,
freies-schreiben,
frustrationstoleranz,
geschlossenheit,
grundlage,
gruppengroesse,
identifikation,
inhalt-sprache,
juel,
kerngeschaeft-schule,
kognitive-klarheit,
komplexitaet,
kreatives-schreiben,
kulturspezifik,
lebenslanger-sse,
lebensweltliche-inhalte,
lernbereichsuebergreifend,
lehrerhandreichung,
linguistisches-wissen,
lrs-experten,
magischer-sse,
mentale-veraenderungen,
natuerlichkeit,
neue-medien,
normen,
offenheit-vs-rechtschreibung,
orthografische-strategien,
perspektivenvielfalt-texte,
preis,
prozeduren,
selbststaendigkeit,
sicherheit-durch-struktur,
silbenanalytisch,
sinnlich-aesthetisch,
soziale-ungleichheit,
soziales-lernen,
spaetleser,
spielerisch,
spracherfahrungsansatz,
verbundene-schrift,
visual-literacy,
vorbildfunktion,
zensuren,
wygotski,